<?xml version="1.0" encoding="UTF-8"?>
<project-private xmlns="http://www.netbeans.org/ns/project-private/1">
    <editor-bookmarks xmlns="http://www.netbeans.org/ns/editor-bookmarks/1"/>
    <editor-bookmarks xmlns="http://www.netbeans.org/ns/editor-bookmarks/2" lastBookmarkId="0"/>
    <open-files xmlns="http://www.netbeans.org/ns/projectui-open-files/2">
        <group>
            <file>file:/C:/xampp/htdocs/INFO-152/ex_starts/ch05_ex1/product_catalog/product_list.php</file>
            <file>file:/C:/xampp/htdocs/INFO-152/ex_starts/ch05_ex1/model/category_db.php</file>
            <file>file:/C:/xampp/htdocs/INFO-152/ex_starts/ch05_ex1/product_manager/category_list.php</file>
            <file>file:/C:/xampp/htdocs/INFO-152/ex_starts/ch05_ex1/view/sidebar.php</file>
            <file>file:/C:/xampp/htdocs/INFO-152/ex_starts/ch05_ex1/product_manager/index.php</file>
            <file>file:/C:/xampp/htdocs/INFO-152/ex_starts/ch05_ex1/product_catalog/product_view.php</file>
        </group>
    </open-files>
</project-private>
